,date,
0,Sat Jun 15 04:13:00 2024,"MH 20 EE 7602
"
Sat Jun 15 04:25:16 2024,"22BH6517A
"
Sat Jun 15 04:30:42 2024,"22BH6517A
"
Sat Jun 15 04:59:02 2024,"22BH6517A
"
Sat Jun 15 05:01:21 2024,"22BH6517A
"
Sat Jun 15 05:01:26 2024,"22BH6517A
"
Sat Jun 15 05:03:59 2024,"22BH6517A
"
Sat Jun 15 05:05:42 2024,"22BH6517A
"
Sat Jun 15 05:07:53 2024,"MH 20 EE 7602
"
Sat Jun 15 05:09:03 2024,"MH 20 EE 7602
"
Sat Jun 15 05:12:10 2024,"MH 20 EE 7602
"
Sat Jun 15 05:13:46 2024,MH 20 EE 7602
Sat Jun 15 05:15:08 2024,MH 20 EE 7602
Sat Jun 15 05:18:31 2024,MH 20 EE 7602
Sat Jun 15 10:45:54 2024,MH 20 EE 7602
Sat Jun 15 10:53:31 2024,MH 20 EE 7602
Sat Jun 15 10:56:23 2024,MH 20 EE 7602
Sat Jun 15 10:56:40 2024,MH 20 EE 7602
Sat Jun 15 11:03:56 2024,22BH6517A
Sat Jun 15 11:06:05 2024,"22BH6517A
"
Sat Jun 15 11:18:31 2024,"MH 20 EE 7602
"
Sat Jun 15 12:11:42 2024,"MH 20 EE 7602
"
Sat Jun 15 12:12:56 2024,MH 20 EE 7602
Sat Jun 15 12:14:43 2024,MH 20 EE 7602
Sat Jun 15 12:16:27 2024,MH 20 EE 7602
